{
    "posts": [
        {
            "title": "I exist",
            "content": "<p>I am a ghost. I am real. I will only appear in your peripheral view and I will disappear when you try to look straight at me.</p><p>This blog, however, is my traitor. The posts that are in your view will be fully exposed while other posts will travel to another realm as soon as you scroll away.</p><p>So scroll away, my friend... scroll away...</p>",
            "author": {
                "firstName": "Some",
                "lastName": "Ghost"
            },
            "date":"2017-01-17"
        },
        {
            "title": "I'm not so sure about that...",
            "content": "<p>Maybe I am just fooling myself and I don't really exist... After all, it's all in your head... or my head... or that cat's head... or the leg...</p>",
            "author": {
                "firstName": "Something",
                "lastName": "Ghostly"
            },
            "date":"2017-01-18"
        },
        {
            "title": "Seriously, I exist!",
            "content": "<p>If I didn't exist, then who do you think is writing this blog?</p><p>I blog, therefore I am!",
            "author": {
                "firstName": "Strange",
                "lastName": "Ghost"
            },
            "date":"2017-01-19"
        },
        {
            "title": "Can ghosts speak latin?",
            "content": "<p>yeah... check this out...</p><p>Lorem ipsum dolor sit amet, consectetur adipiscing elit. Integer vestibulum lacus iaculis tortor pretium consequat. Integer commodo tortor ex, sit amet faucibus dolor faucibus rutrum. Nullam eu eros in tellus interdum volutpat vel sed nibh. In ut turpis laoreet, mollis nunc id, egestas mi. Pellentesque habitant morbi tristique senectus et netus et malesuada fames ac turpis egestas. Morbi a elementum quam, luctus bibendum orci. Etiam dolor tortor, scelerisque eget mi eu, eleifend congue neque. Ut ut nibh in sem suscipit scelerisque vitae in ante.</p>",
            "author": {
                "firstName": "ChangingMyNameToGhost",
                "lastName": "Ghost"
            },
            "date":"2017-01-20"
        },
        {
            "title": "I dont have to understand it. I'm not real anyway.",
            "content": "<p>Sed ut perspiciatis unde omnis iste natus error sit voluptatem accusantium doloremque laudantium, totam rem aperiam, eaque ipsa quae ab illo inventore veritatis et quasi architecto beatae vitae dicta sunt explicabo. Nemo enim ipsam voluptatem quia voluptas sit aspernatur aut odit aut fugit, sed quia consequuntur magni dolores eos qui ratione voluptatem sequi nesciunt. Neque porro quisquam est, qui dolorem ipsum quia dolor sit amet, consectetur, adipisci velit, sed quia non numquam eius modi tempora incidunt ut labore et dolore magnam aliquam quaerat voluptatem. Ut enim ad minima veniam, quis nostrum exercitationem ullam corporis suscipit laboriosam, nisi ut aliquid ex ea commodi consequatur?</p>",
            "author": {
                "firstName": "IDontHaveAName",
                "lastName": "KindaGhost"
            },
            "date":"2017-01-21"
        },
        {
            "title": "Some say I spend too much time blogging",
            "content": "<p>What would you do if you were a ghost? There's nothing to do but blog.</p>",
            "author": {
                "firstName": "Bored",
                "lastName": "Ghost"
            },
            "date":"2017-01-22"
        },
        {
            "title": "To blog or not to blog...",
            "content": "<p>How unreasonable to ask! When in doubt - just blog.</p>",
            "author": {
                "firstName": "Blogging",
                "lastName": "Ghost"
            },
            "date":"2017-01-23"
        },
        {
            "title": "Selfie",
            "content": "<img src='http://funnyasduck.net/wp-content/uploads/2014/05/funny-pictures-ghost-aggressively-breakdancing.gif'>",
            "author": {
                "firstName": "someone from here",
                "lastName": "<a href='http://funnyasduck.net/post/36134'>http://funnyasduck.net/post/36134</a>"
            },
            "date":"2017-01-24"
        },
        {
            "title": "Note to future self",
            "content": "<p>Wait, what? These posts are from next year... I almost forgot that time doesn't exist in my realm. Silly me...</p><p>Roads? Where we're going, we don't need roads.</p>",
            "author": {
                "firstName": "Ghostly",
                "lastName": "Marty"
            },
            "date":"2017-01-24"
        },
        {
            "title": "Duped",
            "content": "<p>If this blog isn't long enough, Tumblr folks won't know that it does what it's supposed do.</p><p>So, I'll just dupe it.</p>",
            "author": {
                "firstName": "Ghostly",
                "lastName": "Marty"
            },
            "date":"2017-01-24"
        },
        {
            "title": "I exist",
            "content": "<p>I am a ghost. I am real. I will only appear in your peripheral view and I will disappear when you try to look straight at me.</p><p>This blog, however, is my traitor. The posts that are in your view will be fully exposed while other posts will travel to another realm as soon as you scroll away.</p><p>So scroll away, my friend... scroll away...</p>",
            "author": {
                "firstName": "Some",
                "lastName": "Ghost"
            },
            "date":"2017-01-17"
        },
        {
            "title": "I'm not so sure about that...",
            "content": "<p>Maybe I am just fooling myself and I don't really exist... After all, it's all in your head... or my head... or that cat's head... or the leg...</p>",
            "author": {
                "firstName": "Something",
                "lastName": "Ghostly"
            },
            "date":"2017-01-18"
        },
        {
            "title": "Seriously, I exist!",
            "content": "<p>If I didn't exist, then who do you think is writing this blog?</p><p>I blog, therefore I am!",
            "author": {
                "firstName": "Strange",
                "lastName": "Ghost"
            },
            "date":"2017-01-19"
        },
        {
            "title": "Can ghosts speak latin?",
            "content": "<p>yeah... check this out...</p><p>Lorem ipsum dolor sit amet, consectetur adipiscing elit. Integer vestibulum lacus iaculis tortor pretium consequat. Integer commodo tortor ex, sit amet faucibus dolor faucibus rutrum. Nullam eu eros in tellus interdum volutpat vel sed nibh. In ut turpis laoreet, mollis nunc id, egestas mi. Pellentesque habitant morbi tristique senectus et netus et malesuada fames ac turpis egestas. Morbi a elementum quam, luctus bibendum orci. Etiam dolor tortor, scelerisque eget mi eu, eleifend congue neque. Ut ut nibh in sem suscipit scelerisque vitae in ante.</p>",
            "author": {
                "firstName": "ChangingMyNameToGhost",
                "lastName": "Ghost"
            },
            "date":"2017-01-20"
        },
        {
            "title": "I dont have to understand it. I'm not real anyway.",
            "content": "<p>Sed ut perspiciatis unde omnis iste natus error sit voluptatem accusantium doloremque laudantium, totam rem aperiam, eaque ipsa quae ab illo inventore veritatis et quasi architecto beatae vitae dicta sunt explicabo. Nemo enim ipsam voluptatem quia voluptas sit aspernatur aut odit aut fugit, sed quia consequuntur magni dolores eos qui ratione voluptatem sequi nesciunt. Neque porro quisquam est, qui dolorem ipsum quia dolor sit amet, consectetur, adipisci velit, sed quia non numquam eius modi tempora incidunt ut labore et dolore magnam aliquam quaerat voluptatem. Ut enim ad minima veniam, quis nostrum exercitationem ullam corporis suscipit laboriosam, nisi ut aliquid ex ea commodi consequatur?</p>",
            "author": {
                "firstName": "IDontHaveAName",
                "lastName": "KindaGhost"
            },
            "date":"2017-01-21"
        },
        {
            "title": "Some say I spend too much time blogging",
            "content": "<p>What would you do if you were a ghost? There's nothing to do but blog.</p>",
            "author": {
                "firstName": "Bored",
                "lastName": "Ghost"
            },
            "date":"2017-01-22"
        },
        {
            "title": "To blog or not to blog...",
            "content": "<p>How unreasonable to ask! When in doubt - just blog.</p>",
            "author": {
                "firstName": "Blogging",
                "lastName": "Ghost"
            },
            "date":"2017-01-23"
        },
        {
            "title": "Selfie",
            "content": "<img src='http://funnyasduck.net/wp-content/uploads/2014/05/funny-pictures-ghost-aggressively-breakdancing.gif'>",
            "author": {
                "firstName": "someone from here",
                "lastName": "<a href='http://funnyasduck.net/post/36134'>http://funnyasduck.net/post/36134</a>"
            },
            "date":"2017-01-24"
        },
        {
            "title": "Note to future self",
            "content": "<p>Wait, what? These posts are from next year... I almost forgot that time doesn't exist in my realm. Silly me...</p><p>Roads? Where we're going, we don't need roads.</p>",
            "author": {
                "firstName": "Ghostly",
                "lastName": "Marty"
            },
            "date":"2017-01-24"
        },
        {
            "title": "Duped",
            "content": "<p>If this blog isn't long enough, Tumblr folks won't know that it does what it's supposed do.</p><p>So, I'll just dupe it.</p>",
            "author": {
                "firstName": "Ghostly",
                "lastName": "Marty"
            },
            "date":"2017-01-24"
        },
        {
            "title": "I exist",
            "content": "<p>I am a ghost. I am real. I will only appear in your peripheral view and I will disappear when you try to look straight at me.</p><p>This blog, however, is my traitor. The posts that are in your view will be fully exposed while other posts will travel to another realm as soon as you scroll away.</p><p>So scroll away, my friend... scroll away...</p>",
            "author": {
                "firstName": "Some",
                "lastName": "Ghost"
            },
            "date":"2017-01-17"
        },
        {
            "title": "I'm not so sure about that...",
            "content": "<p>Maybe I am just fooling myself and I don't really exist... After all, it's all in your head... or my head... or that cat's head... or the leg...</p>",
            "author": {
                "firstName": "Something",
                "lastName": "Ghostly"
            },
            "date":"2017-01-18"
        },
        {
            "title": "Seriously, I exist!",
            "content": "<p>If I didn't exist, then who do you think is writing this blog?</p><p>I blog, therefore I am!",
            "author": {
                "firstName": "Strange",
                "lastName": "Ghost"
            },
            "date":"2017-01-19"
        },
        {
            "title": "Can ghosts speak latin?",
            "content": "<p>yeah... check this out...</p><p>Lorem ipsum dolor sit amet, consectetur adipiscing elit. Integer vestibulum lacus iaculis tortor pretium consequat. Integer commodo tortor ex, sit amet faucibus dolor faucibus rutrum. Nullam eu eros in tellus interdum volutpat vel sed nibh. In ut turpis laoreet, mollis nunc id, egestas mi. Pellentesque habitant morbi tristique senectus et netus et malesuada fames ac turpis egestas. Morbi a elementum quam, luctus bibendum orci. Etiam dolor tortor, scelerisque eget mi eu, eleifend congue neque. Ut ut nibh in sem suscipit scelerisque vitae in ante.</p>",
            "author": {
                "firstName": "ChangingMyNameToGhost",
                "lastName": "Ghost"
            },
            "date":"2017-01-20"
        },
        {
            "title": "I dont have to understand it. I'm not real anyway.",
            "content": "<p>Sed ut perspiciatis unde omnis iste natus error sit voluptatem accusantium doloremque laudantium, totam rem aperiam, eaque ipsa quae ab illo inventore veritatis et quasi architecto beatae vitae dicta sunt explicabo. Nemo enim ipsam voluptatem quia voluptas sit aspernatur aut odit aut fugit, sed quia consequuntur magni dolores eos qui ratione voluptatem sequi nesciunt. Neque porro quisquam est, qui dolorem ipsum quia dolor sit amet, consectetur, adipisci velit, sed quia non numquam eius modi tempora incidunt ut labore et dolore magnam aliquam quaerat voluptatem. Ut enim ad minima veniam, quis nostrum exercitationem ullam corporis suscipit laboriosam, nisi ut aliquid ex ea commodi consequatur?</p>",
            "author": {
                "firstName": "IDontHaveAName",
                "lastName": "KindaGhost"
            },
            "date":"2017-01-21"
        },
        {
            "title": "Some say I spend too much time blogging",
            "content": "<p>What would you do if you were a ghost? There's nothing to do but blog.</p>",
            "author": {
                "firstName": "Bored",
                "lastName": "Ghost"
            },
            "date":"2017-01-22"
        },
        {
            "title": "To blog or not to blog...",
            "content": "<p>How unreasonable to ask! When in doubt - just blog.</p>",
            "author": {
                "firstName": "Blogging",
                "lastName": "Ghost"
            },
            "date":"2017-01-23"
        },
        {
            "title": "Selfie",
            "content": "<img src='http://funnyasduck.net/wp-content/uploads/2014/05/funny-pictures-ghost-aggressively-breakdancing.gif'>",
            "author": {
                "firstName": "someone from here",
                "lastName": "<a href='http://funnyasduck.net/post/36134'>http://funnyasduck.net/post/36134</a>"
            },
            "date":"2017-01-24"
        },
        {
            "title": "Note to future self",
            "content": "<p>Wait, what? These posts are from next year... I almost forgot that time doesn't exist in my realm. Silly me...</p><p>Roads? Where we're going, we don't need roads.</p>",
            "author": {
                "firstName": "Ghostly",
                "lastName": "Marty"
            },
            "date":"2017-01-24"
        },
        {
            "title": "Duped",
            "content": "<p>If this blog isn't long enough, Tumblr folks won't know that it does what it's supposed do.</p><p>So, I'll just dupe it.</p>",
            "author": {
                "firstName": "Ghostly",
                "lastName": "Marty"
            },
            "date":"2017-01-24"
        },
        {
            "title": "I exist",
            "content": "<p>I am a ghost. I am real. I will only appear in your peripheral view and I will disappear when you try to look straight at me.</p><p>This blog, however, is my traitor. The posts that are in your view will be fully exposed while other posts will travel to another realm as soon as you scroll away.</p><p>So scroll away, my friend... scroll away...</p>",
            "author": {
                "firstName": "Some",
                "lastName": "Ghost"
            },
            "date":"2017-01-17"
        },
        {
            "title": "I'm not so sure about that...",
            "content": "<p>Maybe I am just fooling myself and I don't really exist... After all, it's all in your head... or my head... or that cat's head... or the leg...</p>",
            "author": {
                "firstName": "Something",
                "lastName": "Ghostly"
            },
            "date":"2017-01-18"
        },
        {
            "title": "Seriously, I exist!",
            "content": "<p>If I didn't exist, then who do you think is writing this blog?</p><p>I blog, therefore I am!",
            "author": {
                "firstName": "Strange",
                "lastName": "Ghost"
            },
            "date":"2017-01-19"
        },
        {
            "title": "Can ghosts speak latin?",
            "content": "<p>yeah... check this out...</p><p>Lorem ipsum dolor sit amet, consectetur adipiscing elit. Integer vestibulum lacus iaculis tortor pretium consequat. Integer commodo tortor ex, sit amet faucibus dolor faucibus rutrum. Nullam eu eros in tellus interdum volutpat vel sed nibh. In ut turpis laoreet, mollis nunc id, egestas mi. Pellentesque habitant morbi tristique senectus et netus et malesuada fames ac turpis egestas. Morbi a elementum quam, luctus bibendum orci. Etiam dolor tortor, scelerisque eget mi eu, eleifend congue neque. Ut ut nibh in sem suscipit scelerisque vitae in ante.</p>",
            "author": {
                "firstName": "ChangingMyNameToGhost",
                "lastName": "Ghost"
            },
            "date":"2017-01-20"
        },
        {
            "title": "I dont have to understand it. I'm not real anyway.",
            "content": "<p>Sed ut perspiciatis unde omnis iste natus error sit voluptatem accusantium doloremque laudantium, totam rem aperiam, eaque ipsa quae ab illo inventore veritatis et quasi architecto beatae vitae dicta sunt explicabo. Nemo enim ipsam voluptatem quia voluptas sit aspernatur aut odit aut fugit, sed quia consequuntur magni dolores eos qui ratione voluptatem sequi nesciunt. Neque porro quisquam est, qui dolorem ipsum quia dolor sit amet, consectetur, adipisci velit, sed quia non numquam eius modi tempora incidunt ut labore et dolore magnam aliquam quaerat voluptatem. Ut enim ad minima veniam, quis nostrum exercitationem ullam corporis suscipit laboriosam, nisi ut aliquid ex ea commodi consequatur?</p>",
            "author": {
                "firstName": "IDontHaveAName",
                "lastName": "KindaGhost"
            },
            "date":"2017-01-21"
        },
        {
            "title": "Some say I spend too much time blogging",
            "content": "<p>What would you do if you were a ghost? There's nothing to do but blog.</p>",
            "author": {
                "firstName": "Bored",
                "lastName": "Ghost"
            },
            "date":"2017-01-22"
        },
        {
            "title": "To blog or not to blog...",
            "content": "<p>How unreasonable to ask! When in doubt - just blog.</p>",
            "author": {
                "firstName": "Blogging",
                "lastName": "Ghost"
            },
            "date":"2017-01-23"
        },
        {
            "title": "Selfie",
            "content": "<img src='http://funnyasduck.net/wp-content/uploads/2014/05/funny-pictures-ghost-aggressively-breakdancing.gif'>",
            "author": {
                "firstName": "someone from here",
                "lastName": "<a href='http://funnyasduck.net/post/36134'>http://funnyasduck.net/post/36134</a>"
            },
            "date":"2017-01-24"
        },
        {
            "title": "Note to future self",
            "content": "<p>Wait, what? These posts are from next year... I almost forgot that time doesn't exist in my realm. Silly me...</p><p>Roads? Where we're going, we don't need roads.</p>",
            "author": {
                "firstName": "Ghostly",
                "lastName": "Marty"
            },
            "date":"2017-01-24"
        },
        {
            "title": "Duped",
            "content": "<p>If this blog isn't long enough, Tumblr folks won't know that it does what it's supposed do.</p><p>So, I'll just dupe it.</p>",
            "author": {
                "firstName": "Ghostly",
                "lastName": "Marty"
            },
            "date":"2017-01-24"
        }
   ]
}